Datum,Temperatur,Humidity
2021-03-04 00:00:01,23.7,37.9
2021-03-04 00:01:01,23.7,37.9
2021-03-04 00:02:02,23.7,37.9
2021-03-04 00:03:02,23.7,37.9
2021-03-04 00:04:01,23.7,37.9
2021-03-04 00:05:01,23.7,37.9
2021-03-04 00:06:01,23.7,37.9
2021-03-04 00:07:01,23.7,37.9
2021-03-04 00:08:02,23.7,37.9
2021-03-04 00:09:02,23.7,37.9
2021-03-04 00:10:01,23.7,37.9
2021-03-04 00:11:01,23.7,37.9
2021-03-04 00:12:01,23.7,37.9
2021-03-04 00:13:01,23.7,38.0
2021-03-04 00:14:01,23.7,37.9
2021-03-04 00:15:02,23.6,37.9
2021-03-04 00:16:02,23.6,37.9
2021-03-04 00:17:01,23.6,37.9
2021-03-04 00:18:01,23.6,37.9
2021-03-04 00:19:01,23.6,37.9
2021-03-04 00:20:01,23.6,37.9
2021-03-04 00:21:02,23.6,37.9
2021-03-04 00:22:02,23.6,37.9
2021-03-04 00:23:01,23.6,37.9
2021-03-04 00:24:01,23.6,37.9
2021-03-04 00:25:01,23.6,37.9
2021-03-04 00:26:01,23.6,37.9
2021-03-04 00:27:02,23.6,37.9
2021-03-04 00:28:02,23.6,37.9
2021-03-04 00:29:01,23.6,37.9
2021-03-04 00:30:01,23.5,37.9
2021-03-04 00:31:01,23.5,37.9
2021-03-04 00:32:01,23.5,37.9
2021-03-04 00:33:01,23.5,37.9
2021-03-04 00:34:02,23.5,37.9
2021-03-04 00:35:02,23.5,37.9
2021-03-04 00:36:04,23.5,37.9
2021-03-04 00:37:01,23.5,37.9
2021-03-04 00:38:02,23.5,37.9
2021-03-04 00:39:02,23.5,37.9
2021-03-04 00:40:01,23.5,37.9
2021-03-04 00:41:01,23.5,37.9
2021-03-04 00:42:01,23.5,37.9
2021-03-04 00:43:01,23.5,37.9
2021-03-04 00:44:01,23.4,37.9
2021-03-04 00:45:02,23.4,37.9
2021-03-04 00:46:02,23.5,37.9
2021-03-04 00:47:01,23.4,37.9
2021-03-04 00:48:01,23.4,37.9
2021-03-04 00:49:01,23.4,37.9
2021-03-04 00:50:01,23.4,37.9
2021-03-04 00:51:02,23.4,38.0
2021-03-04 00:52:02,23.4,38.0
2021-03-04 00:53:01,23.4,38.0
2021-03-04 00:54:01,23.4,37.9
2021-03-04 00:55:01,23.4,37.9
2021-03-04 00:56:01,23.4,37.9
2021-03-04 00:57:02,23.4,37.9
2021-03-04 00:58:02,23.4,37.9
2021-03-04 00:59:01,23.4,37.9
2021-03-04 01:00:01,23.4,37.9
2021-03-04 01:01:01,23.4,37.9
2021-03-04 01:02:01,23.3,37.9
2021-03-04 01:03:02,23.3,37.9
2021-03-04 01:04:02,23.4,37.9
2021-03-04 01:05:01,23.3,37.9
2021-03-04 01:06:01,23.3,37.9
2021-03-04 01:07:01,23.3,37.9
2021-03-04 01:08:01,23.3,37.9
2021-03-04 01:09:01,23.3,37.9
2021-03-04 01:10:02,23.3,37.9
2021-03-04 01:11:02,23.3,37.9
2021-03-04 01:12:01,23.3,37.9
2021-03-04 01:13:01,23.3,37.9
2021-03-04 01:14:01,23.3,38.0
2021-03-04 01:15:01,23.3,38.0
2021-03-04 01:16:02,23.3,37.9
2021-03-04 01:17:02,23.3,38.0
2021-03-04 01:18:01,23.3,38.0
2021-03-04 01:19:01,23.3,37.9
2021-03-04 01:20:04,23.2,38.0
2021-03-04 01:21:02,23.2,38.0
2021-03-04 01:22:02,23.2,37.9
2021-03-04 01:23:01,23.2,37.9
2021-03-04 01:24:01,23.2,37.9
2021-03-04 01:25:01,23.2,37.9
2021-03-04 01:26:01,23.2,37.9
2021-03-04 01:27:02,23.2,38.0
2021-03-04 01:28:02,23.2,38.0
2021-03-04 01:29:01,23.2,37.9
2021-03-04 01:30:01,23.2,38.0
2021-03-04 01:31:01,23.1,37.9
2021-03-04 01:32:01,23.2,38.0
2021-03-04 01:33:02,23.2,38.0
2021-03-04 01:34:02,23.2,38.0
2021-03-04 01:35:01,23.2,38.0
2021-03-04 01:36:01,23.2,37.9
2021-03-04 01:37:01,23.2,38.0
2021-03-04 01:38:01,23.2,37.9
2021-03-04 01:39:01,23.2,38.0
2021-03-04 01:40:02,23.1,37.9
2021-03-04 01:41:02,23.1,37.9
2021-03-04 01:42:01,23.1,37.9
2021-03-04 01:43:01,23.2,38.0
2021-03-04 01:44:01,23.1,37.9
2021-03-04 01:45:01,23.1,37.9
2021-03-04 01:46:02,23.1,37.9
2021-03-04 01:47:02,23.1,37.9
2021-03-04 01:48:01,23.1,37.9
2021-03-04 01:49:01,23.1,37.9
2021-03-04 01:50:01,23.1,38.0
2021-03-04 01:51:01,23.1,37.9
2021-03-04 01:52:02,23.1,38.0
2021-03-04 01:53:02,23.1,38.0
2021-03-04 01:54:01,23.1,37.9
2021-03-04 01:55:01,23.1,38.0
2021-03-04 01:56:01,23.1,37.9
2021-03-04 01:57:01,23.1,38.0
2021-03-04 01:58:01,23.0,37.9
2021-03-04 01:59:02,23.1,37.9
2021-03-04 02:00:02,23.0,37.9
2021-03-04 02:01:01,23.1,37.9
2021-03-04 02:02:01,23.1,38.0
2021-03-04 02:03:01,23.0,37.9
2021-03-04 02:04:01,23.0,37.9
2021-03-04 02:05:02,23.0,37.9
2021-03-04 02:06:02,23.0,37.9
2021-03-04 02:07:01,23.0,37.9
2021-03-04 02:08:01,23.0,37.9
2021-03-04 02:09:01,23.0,37.9
2021-03-04 02:10:01,23.0,37.9
2021-03-04 02:11:02,23.0,37.9
2021-03-04 02:12:02,23.0,37.9
2021-03-04 02:13:02,23.0,37.9
2021-03-04 02:14:01,23.0,37.9
2021-03-04 02:15:01,23.0,37.9
2021-03-04 02:16:01,23.0,37.9
2021-03-04 02:17:01,23.0,38.0
2021-03-04 02:18:02,23.0,38.0
2021-03-04 02:19:02,22.9,37.9
2021-03-04 02:20:01,22.9,37.9
2021-03-04 02:21:01,23.0,37.9
2021-03-04 02:22:01,22.9,37.9
2021-03-04 02:23:01,22.9,37.9
2021-03-04 02:24:02,22.9,37.9
2021-03-04 02:25:02,22.9,37.9
2021-03-04 02:26:01,22.9,37.9
2021-03-04 02:27:01,22.9,37.9
2021-03-04 02:28:01,22.9,37.9
2021-03-04 02:29:01,22.9,37.9
2021-03-04 02:30:01,22.9,37.9
2021-03-04 02:31:02,22.9,37.9
2021-03-04 02:32:02,22.9,37.9
2021-03-04 02:33:01,22.9,37.9
2021-03-04 02:34:01,22.9,37.8
2021-03-04 02:35:01,22.9,37.9
2021-03-04 02:36:01,22.9,37.9
2021-03-04 02:37:02,22.9,37.9
2021-03-04 02:38:02,22.9,37.9
2021-03-04 02:39:01,22.9,37.9
2021-03-04 02:40:01,22.9,37.9
2021-03-04 02:41:01,22.9,37.9
2021-03-04 02:42:01,22.9,37.9
2021-03-04 02:43:02,22.8,37.8
2021-03-04 02:44:02,22.9,37.9
2021-03-04 02:45:01,22.8,37.9
2021-03-04 02:46:01,22.8,37.9
2021-03-04 02:47:01,22.8,37.9
2021-03-04 02:48:01,22.8,37.9
2021-03-04 02:49:02,22.8,37.9
2021-03-04 02:50:02,22.8,37.9
2021-03-04 02:51:01,22.8,37.9
2021-03-04 02:52:01,22.8,37.9
2021-03-04 02:53:01,22.8,37.9
2021-03-04 02:54:01,22.8,37.9
2021-03-04 02:55:01,22.8,37.9
2021-03-04 02:56:02,22.8,37.9
2021-03-04 02:57:01,22.8,37.9
2021-03-04 02:58:01,22.8,37.9
2021-03-04 02:59:04,22.8,37.9
2021-03-04 03:00:02,22.8,37.9
2021-03-04 03:01:02,22.8,37.9
2021-03-04 03:02:01,22.8,37.9
2021-03-04 03:03:01,22.8,37.9
2021-03-04 03:04:01,22.8,37.9
2021-03-04 03:05:01,22.8,37.9
2021-03-04 03:06:02,22.8,37.9
2021-03-04 03:07:02,22.8,37.9
2021-03-04 03:08:01,22.8,37.9
2021-03-04 03:09:01,22.8,37.9
2021-03-04 03:10:01,22.7,37.8
2021-03-04 03:11:01,22.7,37.8
2021-03-04 03:12:01,22.8,37.9
2021-03-04 03:13:02,22.7,37.8
2021-03-04 03:14:02,22.7,37.8
2021-03-04 03:15:01,22.7,37.8
2021-03-04 03:16:01,22.7,37.8
2021-03-04 03:17:01,22.7,37.8
2021-03-04 03:18:01,22.7,37.8
2021-03-04 03:19:02,22.7,37.8
2021-03-04 03:20:02,22.7,37.8
2021-03-04 03:21:01,22.7,37.8
2021-03-04 03:22:01,22.7,37.8
2021-03-04 03:23:01,22.7,37.8
2021-03-04 03:24:01,22.7,37.9
2021-03-04 03:25:01,22.7,37.8
2021-03-04 03:26:02,22.7,37.8
2021-03-04 03:27:02,22.7,37.9
2021-03-04 03:28:01,22.7,37.8
2021-03-04 03:29:01,22.7,37.9
2021-03-04 03:30:01,22.7,37.8
2021-03-04 03:31:01,22.7,37.9
2021-03-04 03:32:02,22.7,37.9
2021-03-04 03:33:02,22.7,37.9
2021-03-04 03:34:01,22.7,37.9
2021-03-04 03:35:01,22.7,37.8
2021-03-04 03:36:01,22.6,37.8
2021-03-04 03:37:01,22.7,37.8
2021-03-04 03:38:02,22.7,37.8
2021-03-04 03:39:02,22.6,37.8
2021-03-04 03:40:01,22.6,37.8
2021-03-04 03:41:01,22.7,37.9
2021-03-04 03:42:01,22.6,37.8
2021-03-04 03:43:01,22.7,37.9
2021-03-04 03:44:02,22.6,37.8
2021-03-04 03:45:02,22.6,37.8
2021-03-04 03:46:01,22.6,37.8
2021-03-04 03:47:01,22.6,37.8
2021-03-04 03:48:01,22.6,37.8
2021-03-04 03:49:01,22.6,37.8
2021-03-04 03:50:01,22.6,37.8
2021-03-04 03:51:02,22.6,37.8
2021-03-04 03:52:02,22.6,37.8
2021-03-04 03:53:01,22.6,37.8
2021-03-04 03:54:01,22.6,37.8
2021-03-04 03:55:01,22.6,37.8
2021-03-04 03:56:01,22.6,37.8
2021-03-04 03:57:02,22.6,37.8
2021-03-04 03:58:02,22.6,37.8
2021-03-04 03:59:01,22.5,37.8
2021-03-04 04:00:01,22.6,37.8
2021-03-04 04:01:01,22.6,37.8
2021-03-04 04:02:01,22.6,37.8
2021-03-04 04:03:05,22.6,37.8
2021-03-04 04:04:01,22.6,37.8
2021-03-04 04:05:01,22.6,37.8
2021-03-04 04:06:01,22.6,37.8
2021-03-04 04:07:01,22.5,37.8
2021-03-04 04:08:02,22.5,37.8
2021-03-04 04:09:02,22.5,37.8
2021-03-04 04:10:01,22.5,37.8
2021-03-04 04:11:01,22.6,37.8
2021-03-04 04:12:01,22.5,37.8
2021-03-04 04:13:01,22.5,37.8
2021-03-04 04:14:05,22.5,37.8
2021-03-04 04:15:01,22.5,37.8
2021-03-04 04:16:01,22.5,37.8
2021-03-04 04:17:01,22.5,37.8
2021-03-04 04:18:01,22.5,37.8
2021-03-04 04:19:02,22.5,37.8
2021-03-04 04:20:02,22.5,37.8
2021-03-04 04:21:01,22.5,37.8
2021-03-04 04:22:01,22.5,37.8
2021-03-04 04:23:01,22.6,37.8
2021-03-04 04:24:01,22.5,37.8
2021-03-04 04:25:01,22.5,37.8
2021-03-04 04:26:02,22.5,37.8
2021-03-04 04:27:02,22.5,37.8
2021-03-04 04:28:01,22.5,37.8
2021-03-04 04:29:01,22.5,37.8
2021-03-04 04:30:01,22.5,37.8
2021-03-04 04:31:01,22.5,37.8
2021-03-04 04:32:02,22.5,37.8
2021-03-04 04:33:02,22.5,37.8
2021-03-04 04:34:01,22.5,37.8
2021-03-04 04:35:01,22.5,37.8
2021-03-04 04:36:01,22.5,37.8
2021-03-04 04:37:01,22.5,37.8
2021-03-04 04:38:02,22.5,37.8
2021-03-04 04:39:02,22.5,37.8
2021-03-04 04:40:01,22.5,37.8
2021-03-04 04:41:01,22.5,37.8
2021-03-04 04:42:01,22.5,37.8
2021-03-04 04:43:01,22.4,37.8
2021-03-04 04:44:01,22.4,37.8
2021-03-04 04:45:02,22.5,37.8
2021-03-04 04:46:02,22.4,37.8
2021-03-04 04:47:01,22.4,37.8
2021-03-04 04:48:01,22.4,37.8
2021-03-04 04:49:01,22.4,37.8
2021-03-04 04:50:01,22.4,37.8
2021-03-04 04:51:02,22.4,37.8
2021-03-04 04:52:02,22.4,37.8
2021-03-04 04:53:01,22.4,37.8
2021-03-04 04:54:01,22.4,37.8
2021-03-04 04:55:01,22.4,37.8
2021-03-04 04:56:01,22.4,37.8
2021-03-04 04:57:02,22.4,37.8
2021-03-04 04:58:02,22.4,37.8
2021-03-04 04:59:01,22.4,37.8
2021-03-04 05:00:01,22.4,37.8
2021-03-04 05:01:01,22.4,37.8
2021-03-04 05:02:01,22.4,37.8
2021-03-04 05:03:01,22.4,37.8
2021-03-04 05:04:02,22.4,37.8
2021-03-04 05:05:02,22.4,37.8
2021-03-04 05:06:01,22.4,37.8
2021-03-04 05:07:01,22.4,37.8
2021-03-04 05:08:01,22.4,37.8
2021-03-04 05:09:01,22.4,37.8
2021-03-04 05:10:02,22.4,37.8
2021-03-04 05:11:02,22.4,37.8
2021-03-04 05:12:04,22.4,37.7
2021-03-04 05:13:01,22.4,37.8
2021-03-04 05:14:02,22.4,37.8
2021-03-04 05:15:02,22.4,37.8
2021-03-04 05:16:01,22.4,37.8
2021-03-04 05:17:01,22.4,37.8
2021-03-04 05:18:01,22.4,37.7
2021-03-04 05:19:01,22.4,37.8
2021-03-04 05:20:02,22.4,37.7
2021-03-04 05:21:02,22.4,37.7
2021-03-04 05:22:01,22.4,37.7
2021-03-04 05:23:01,22.4,37.7
2021-03-04 05:24:01,22.4,37.7
2021-03-04 05:25:01,22.4,37.7
2021-03-04 05:26:01,22.4,37.7
2021-03-04 05:27:02,22.4,37.7
2021-03-04 05:28:02,22.4,37.7
2021-03-04 05:29:01,22.4,37.7
2021-03-04 05:30:01,22.4,37.7
2021-03-04 05:31:01,22.4,37.7
2021-03-04 05:32:01,22.4,37.7
2021-03-04 05:33:02,22.4,37.7
2021-03-04 05:34:02,22.3,37.6
2021-03-04 05:35:01,22.4,37.7
2021-03-04 05:36:01,22.4,37.7
2021-03-04 05:37:01,22.4,37.7
2021-03-04 05:38:01,22.4,37.7
2021-03-04 05:39:01,22.3,37.6
2021-03-04 05:40:02,22.4,37.7
2021-03-04 05:41:02,22.4,37.7
2021-03-04 05:42:01,22.3,37.6
2021-03-04 05:43:01,22.3,37.6
2021-03-04 05:44:01,22.3,37.6
2021-03-04 05:45:01,22.4,37.7
2021-03-04 05:46:02,22.4,37.7
2021-03-04 05:47:02,22.3,37.6
2021-03-04 05:48:01,22.3,37.7
2021-03-04 05:49:01,22.3,37.6
2021-03-04 05:50:01,22.3,37.6
2021-03-04 05:51:01,22.3,37.7
2021-03-04 05:52:02,22.3,37.7
2021-03-04 05:53:02,22.4,37.7
2021-03-04 05:54:01,22.3,37.7
2021-03-04 05:55:01,22.3,37.6
2021-03-04 05:56:01,22.3,37.6
2021-03-04 05:57:01,22.3,37.7
2021-03-04 05:58:02,22.3,37.7
2021-03-04 05:59:02,22.3,37.7
2021-03-04 06:00:01,22.3,37.7
2021-03-04 06:01:01,22.3,37.7
2021-03-04 06:02:01,22.3,37.7
2021-03-04 06:03:01,22.3,37.7
2021-03-04 06:04:01,22.3,37.7
2021-03-04 06:05:02,22.3,37.7
2021-03-04 06:06:02,22.3,37.7
2021-03-04 06:07:01,22.3,37.7
2021-03-04 06:08:01,22.3,37.7
2021-03-04 06:09:01,22.3,37.7
2021-03-04 06:10:01,22.3,37.7
2021-03-04 06:11:02,22.3,37.7
2021-03-04 06:12:02,22.3,37.7
2021-03-04 06:13:01,22.3,37.7
2021-03-04 06:14:01,22.3,37.7
2021-03-04 06:15:01,22.3,37.7
2021-03-04 06:16:01,22.3,37.7
2021-03-04 06:17:01,22.2,37.6
2021-03-04 06:18:02,22.2,37.6
2021-03-04 06:19:02,22.2,37.7
2021-03-04 06:20:01,22.2,37.7
2021-03-04 06:21:01,22.2,37.6
2021-03-04 06:22:01,22.2,37.6
2021-03-04 06:23:01,22.2,37.7
2021-03-04 06:24:02,22.3,37.7
2021-03-04 06:25:02,22.2,37.6
2021-03-04 06:26:01,22.2,37.7
2021-03-04 06:27:01,22.2,37.7
2021-03-04 06:28:01,22.3,37.8
2021-03-04 06:29:01,22.2,37.7
2021-03-04 06:30:02,22.2,37.7
2021-03-04 06:31:02,22.2,37.7
2021-03-04 06:32:01,22.2,37.7
2021-03-04 06:33:01,22.2,37.7
2021-03-04 06:34:04,22.2,37.7
2021-03-04 06:35:02,22.2,37.7
2021-03-04 06:36:02,22.2,37.7
2021-03-04 06:37:01,22.2,37.6
2021-03-04 06:38:01,22.2,37.7
2021-03-04 06:39:01,22.2,37.7
2021-03-04 06:40:01,22.2,37.7
2021-03-04 06:41:02,22.2,37.7
2021-03-04 06:42:02,22.2,37.7
2021-03-04 06:43:01,22.2,37.7
2021-03-04 06:44:01,22.2,37.7
2021-03-04 06:45:01,22.2,37.7
2021-03-04 06:46:01,22.2,37.7
2021-03-04 06:47:02,22.2,37.7
2021-03-04 06:48:02,22.2,37.7
2021-03-04 06:49:02,22.1,37.6
2021-03-04 06:50:01,22.2,37.7
2021-03-04 06:51:01,22.2,37.7
2021-03-04 06:52:01,22.2,37.7
2021-03-04 06:53:01,22.2,37.7
2021-03-04 06:54:02,22.1,37.6
2021-03-04 06:55:02,22.1,37.6
2021-03-04 06:56:01,22.2,37.7
2021-03-04 06:57:01,22.1,37.6
2021-03-04 06:58:01,22.1,37.6
2021-03-04 06:59:01,22.1,37.6
2021-03-04 07:00:02,22.1,37.6
2021-03-04 07:01:02,22.1,37.6
2021-03-04 07:02:02,22.1,37.6
2021-03-04 07:03:01,22.2,37.7
2021-03-04 07:04:01,22.1,37.6
2021-03-04 07:05:01,22.1,37.7
2021-03-04 07:06:01,22.1,37.6
2021-03-04 07:07:02,22.1,37.6
2021-03-04 07:08:02,22.1,37.6
2021-03-04 07:09:01,22.1,37.6
2021-03-04 07:10:01,22.1,37.7
2021-03-04 07:11:01,22.1,37.6
2021-03-04 07:12:01,22.1,37.7
2021-03-04 07:13:02,22.1,37.6
2021-03-04 07:14:02,22.1,37.7
2021-03-04 07:15:01,22.1,37.7
2021-03-04 07:16:01,22.1,37.7
2021-03-04 07:17:01,22.1,37.6
2021-03-04 07:18:01,22.2,37.7
2021-03-04 07:19:01,22.2,37.7
2021-03-04 07:20:02,22.1,37.6
2021-03-04 07:21:02,22.2,37.6
2021-03-04 07:22:01,22.3,37.8
2021-03-04 07:23:01,22.4,37.4
2021-03-04 07:24:01,22.5,37.3
2021-03-04 07:25:01,22.6,37.2
2021-03-04 07:26:02,22.7,37.1
2021-03-04 07:27:02,22.8,36.9
2021-03-04 07:28:04,22.9,36.8
2021-03-04 07:29:01,22.8,36.8
2021-03-04 07:30:01,22.8,36.8
2021-03-04 07:31:02,22.8,36.7
2021-03-04 07:32:02,22.9,36.7
2021-03-04 07:33:01,22.9,36.7
2021-03-04 07:34:01,22.9,36.7
2021-03-04 07:35:01,22.9,36.6
2021-03-04 07:36:01,22.9,36.6
2021-03-04 07:37:02,23.0,36.6
2021-03-04 07:38:02,23.0,36.5
2021-03-04 07:39:01,23.0,36.5
2021-03-04 07:40:01,23.0,36.9
2021-03-04 07:41:01,23.1,36.4
2021-03-04 07:42:01,23.2,36.5
2021-03-04 07:43:01,23.3,36.6
2021-03-04 07:44:02,23.3,36.9
2021-03-04 07:45:02,23.4,37.1
2021-03-04 07:46:01,23.4,36.5
2021-03-04 07:47:01,23.5,36.6
2021-03-04 07:48:01,23.5,36.5
2021-03-04 07:49:01,23.5,36.6
2021-03-04 07:50:02,23.6,36.6
2021-03-04 07:51:02,23.6,37.0
2021-03-04 07:52:01,23.6,36.5
2021-03-04 07:53:01,23.6,36.5
2021-03-04 07:54:01,23.7,36.5
2021-03-04 07:55:01,23.7,36.5
2021-03-04 07:56:01,23.7,36.7
2021-03-04 07:57:02,23.8,36.6
2021-03-04 07:58:02,23.8,36.6
2021-03-04 07:59:01,23.8,36.5
2021-03-04 08:00:01,23.9,36.6
2021-03-04 08:01:01,23.9,36.5
2021-03-04 08:02:01,24.0,36.5
2021-03-04 08:03:02,24.0,36.6
2021-03-04 08:04:02,24.0,36.5
2021-03-04 08:05:01,24.1,36.6
2021-03-04 08:06:01,24.1,36.5
2021-03-04 08:07:01,24.1,36.5
2021-03-04 08:08:01,24.1,36.5
2021-03-04 08:09:02,24.1,36.8
2021-03-04 08:10:02,24.2,37.0
2021-03-04 08:11:01,24.2,36.4
2021-03-04 08:12:01,24.2,36.4
2021-03-04 08:13:01,24.2,36.4
2021-03-04 08:14:01,24.2,36.5
2021-03-04 08:15:01,24.3,36.5
2021-03-04 08:16:02,24.3,36.5
2021-03-04 08:17:02,24.3,36.4
2021-03-04 08:18:01,24.3,36.4
2021-03-04 08:19:01,24.3,36.4
2021-03-04 08:20:01,24.3,36.7
2021-03-04 08:21:01,24.4,36.5
2021-03-04 08:22:02,24.4,36.5
2021-03-04 08:23:02,24.4,36.4
2021-03-04 08:24:01,24.4,36.9
2021-03-04 08:25:01,24.4,36.3
2021-03-04 08:26:01,24.4,36.3
2021-03-04 08:27:01,24.4,36.4
2021-03-04 08:28:02,24.5,36.4
2021-03-04 08:29:02,24.5,36.4
2021-03-04 08:30:01,24.6,36.4
2021-03-04 08:31:01,24.6,36.4
2021-03-04 08:32:01,24.6,36.4
2021-03-04 08:33:01,24.6,38.4
2021-03-04 08:34:02,24.7,36.3
2021-03-04 08:35:05,24.8,36.6
2021-03-04 08:36:01,24.7,36.4
2021-03-04 08:37:01,24.8,36.1
2021-03-04 08:38:01,24.9,36.2
2021-03-04 08:39:01,24.9,36.3
2021-03-04 08:40:02,25.0,36.1
2021-03-04 08:41:02,25.0,37.6
2021-03-04 08:42:01,25.1,36.0
2021-03-04 08:43:01,25.2,36.3
2021-03-04 08:44:01,25.3,35.6
2021-03-04 08:45:01,25.5,36.9
2021-03-04 08:46:01,25.7,35.1
2021-03-04 08:47:01,25.7,34.7
2021-03-04 08:48:02,25.9,35.0
2021-03-04 08:49:02,26.0,36.8
2021-03-04 08:50:01,26.0,35.2
2021-03-04 08:51:01,26.0,37.1
2021-03-04 08:52:01,26.1,34.8
2021-03-04 08:53:01,26.1,34.4
2021-03-04 08:54:01,26.1,40.0
2021-03-04 08:55:02,26.2,36.0
2021-03-04 08:56:02,26.2,34.4
2021-03-04 08:57:01,26.3,34.4
2021-03-04 08:58:01,26.3,34.3
2021-03-04 08:59:01,26.3,34.3
2021-03-04 09:00:01,26.3,34.6
2021-03-04 09:01:01,26.2,34.1
2021-03-04 09:02:05,26.2,34.2
2021-03-04 09:03:01,26.2,34.2
2021-03-04 09:04:01,26.1,34.1
2021-03-04 09:05:01,26.2,35.4
2021-03-04 09:06:01,26.2,34.1
2021-03-04 09:07:02,26.2,34.7
2021-03-04 09:08:02,26.2,37.4
2021-03-04 09:09:01,26.2,34.3
2021-03-04 09:10:08,26.2,34.2
2021-03-04 09:11:02,26.3,34.3
2021-03-04 09:12:02,26.2,34.2
2021-03-04 09:13:01,26.3,34.3
2021-03-04 09:14:01,26.2,34.2
2021-03-04 09:15:01,26.2,34.3
2021-03-04 09:16:01,26.3,34.3
2021-03-04 09:17:02,26.3,34.3
2021-03-04 09:18:02,26.3,34.3
2021-03-04 09:19:01,26.3,34.2
2021-03-04 09:20:01,26.4,34.4
2021-03-04 09:21:01,26.3,34.2
2021-03-04 09:22:01,26.4,34.2
2021-03-04 09:23:01,26.4,34.3
2021-03-04 09:24:02,26.4,34.3
2021-03-04 09:25:02,26.4,34.3
2021-03-04 09:26:01,26.4,34.3
2021-03-04 09:27:01,26.4,34.3
2021-03-04 09:28:01,26.4,34.3
2021-03-04 09:29:01,26.4,34.3
2021-03-04 09:30:01,26.4,34.6
2021-03-04 09:31:02,26.4,34.2
2021-03-04 09:32:02,26.4,34.3
2021-03-04 09:33:01,26.5,34.3
2021-03-04 09:34:01,26.5,34.3
2021-03-04 09:35:01,26.4,34.3
2021-03-04 09:36:01,26.4,34.2
2021-03-04 09:37:01,26.5,34.3
2021-03-04 09:38:02,26.5,34.1
2021-03-04 09:39:02,26.5,34.7
2021-03-04 09:40:05,26.5,35.0
2021-03-04 09:41:04,26.5,34.3
2021-03-04 09:42:02,26.5,34.3
2021-03-04 09:43:02,26.4,34.3
2021-03-04 09:44:01,26.4,34.2
2021-03-04 09:45:01,26.4,34.3
2021-03-04 09:46:01,26.4,34.3
2021-03-04 09:47:01,26.4,34.4
2021-03-04 09:48:01,26.4,34.5
2021-03-04 09:49:02,26.4,36.3
2021-03-04 09:50:02,26.4,34.7
2021-03-04 09:51:01,26.4,34.5
2021-03-04 09:52:01,26.4,34.5
2021-03-04 09:53:01,26.4,34.4
2021-03-04 09:54:01,26.4,34.5
2021-03-04 09:55:02,26.4,35.2
2021-03-04 09:56:02,26.5,34.5
2021-03-04 09:57:02,26.4,34.4
2021-03-04 09:58:01,26.4,34.5
2021-03-04 09:59:01,26.5,34.6
2021-03-04 10:00:01,26.5,34.7
2021-03-04 10:01:01,26.4,34.6
2021-03-04 10:02:02,26.4,34.6
2021-03-04 10:03:02,26.4,34.7
2021-03-04 10:04:01,26.4,34.7
2021-03-04 10:05:01,26.4,34.8
2021-03-04 10:06:01,26.4,34.7
2021-03-04 10:07:01,26.4,34.7
2021-03-04 10:08:01,26.4,34.7
2021-03-04 10:09:02,26.4,34.7
2021-03-04 10:10:02,26.4,34.7
2021-03-04 10:11:01,26.4,34.7
2021-03-04 10:12:01,26.4,34.7
2021-03-04 10:13:01,26.4,34.7
2021-03-04 10:14:01,26.4,34.7
2021-03-04 10:15:01,26.5,34.8
2021-03-04 10:16:02,26.4,34.7
2021-03-04 10:17:02,26.5,34.8
2021-03-04 10:18:01,26.4,34.7
2021-03-04 10:19:01,26.5,34.7
2021-03-04 10:20:01,26.5,34.8
2021-03-04 10:21:01,26.5,34.8
2021-03-04 10:22:01,26.5,34.8
2021-03-04 10:23:02,26.5,34.9
2021-03-04 10:24:02,26.5,34.9
2021-03-04 10:25:01,26.4,34.7
2021-03-04 10:26:01,26.4,34.7
2021-03-04 10:27:01,26.5,36.4
2021-03-04 10:28:01,26.4,35.7
2021-03-04 10:29:01,26.3,35.3
2021-03-04 10:30:02,26.2,35.6
2021-03-04 10:31:02,26.1,35.8
2021-03-04 10:32:01,26.0,35.8
2021-03-04 10:33:01,26.0,36.8
2021-03-04 10:34:01,26.0,36.1
2021-03-04 10:35:01,25.9,36.1
2021-03-04 10:36:02,25.9,36.2
2021-03-04 10:37:02,25.9,36.4
2021-03-04 10:38:01,25.9,36.3
2021-03-04 10:39:01,25.9,36.3
2021-03-04 10:40:01,25.9,36.4
2021-03-04 10:41:01,25.8,36.3
2021-03-04 10:42:01,25.8,36.2
2021-03-04 10:43:02,25.8,36.2
2021-03-04 10:44:02,25.8,36.2
2021-03-04 10:45:01,25.8,36.3
2021-03-04 10:46:01,25.8,36.3
2021-03-04 10:47:01,25.8,36.3
2021-03-04 10:48:04,25.8,36.3
2021-03-04 10:49:02,25.8,36.3
2021-03-04 10:50:02,25.8,36.2
2021-03-04 10:51:01,25.8,36.3
2021-03-04 10:52:01,25.8,36.3
2021-03-04 10:53:01,25.8,36.3
2021-03-04 10:54:01,25.8,36.3
2021-03-04 10:55:02,25.8,36.3
2021-03-04 10:56:02,25.8,36.5
2021-03-04 10:57:01,25.8,36.3
2021-03-04 10:58:01,25.7,37.1
2021-03-04 10:59:01,25.6,38.1
2021-03-04 11:00:01,25.6,38.5
2021-03-04 11:01:01,25.6,38.6
2021-03-04 11:02:02,25.6,38.2
2021-03-04 11:03:02,25.7,38.0
2021-03-04 11:04:01,25.7,38.9
2021-03-04 11:05:01,25.8,38.2
2021-03-04 11:06:01,25.8,38.6
2021-03-04 11:07:01,25.8,37.9
2021-03-04 11:08:01,25.8,40.2
2021-03-04 11:09:02,25.8,38.4
2021-03-04 11:10:02,25.8,37.5
2021-03-04 11:11:01,25.9,37.4
2021-03-04 11:12:01,25.8,37.3
2021-03-04 11:13:01,25.9,37.5
2021-03-04 11:14:01,25.9,37.5
2021-03-04 11:15:05,25.8,37.4
2021-03-04 11:16:01,25.8,37.4
2021-03-04 11:17:01,25.8,37.4
2021-03-04 11:18:01,25.8,37.4
2021-03-04 11:19:01,25.8,37.5
2021-03-04 11:20:01,25.8,37.4
2021-03-04 11:21:02,25.8,37.4
2021-03-04 11:22:02,25.8,37.4
2021-03-04 11:23:01,25.8,37.9
2021-03-04 11:24:01,25.8,37.5
2021-03-04 11:25:01,25.8,37.4
2021-03-04 11:26:01,25.8,38.8
2021-03-04 11:27:01,25.8,37.3
2021-03-04 11:28:02,25.8,37.3
2021-03-04 11:29:02,25.8,37.4
2021-03-04 11:30:01,25.8,37.4
2021-03-04 11:31:01,25.7,37.3
2021-03-04 11:32:01,25.7,38.1
2021-03-04 11:33:01,25.7,37.4
2021-03-04 11:34:01,25.7,37.5
2021-03-04 11:35:02,25.7,37.9
2021-03-04 11:36:02,25.7,37.5
2021-03-04 11:37:01,25.7,37.6
2021-03-04 11:38:01,25.7,37.7
2021-03-04 11:39:01,25.7,38.1
2021-03-04 11:40:01,25.7,39.5
2021-03-04 11:41:01,25.6,41.4
2021-03-04 11:42:02,25.6,38.7
2021-03-04 11:43:02,25.6,37.6
2021-03-04 11:44:01,25.6,37.7
2021-03-04 11:45:01,25.6,37.7
2021-03-04 11:46:01,25.7,37.6
2021-03-04 11:47:01,25.7,37.6
2021-03-04 11:48:02,25.7,37.5
2021-03-04 11:49:02,25.7,37.5
2021-03-04 11:50:01,25.7,37.5
2021-03-04 11:51:01,25.7,37.5
2021-03-04 11:52:01,25.7,37.4
2021-03-04 11:53:01,25.7,37.6
2021-03-04 11:54:01,25.7,37.7
2021-03-04 11:55:02,25.7,38.1
2021-03-04 11:56:02,25.7,37.4
2021-03-04 11:57:01,25.7,37.5
2021-03-04 11:58:01,25.6,37.3
2021-03-04 11:59:01,25.6,38.3
2021-03-04 12:00:01,25.7,37.3
2021-03-04 12:01:01,25.7,37.4
2021-03-04 12:02:01,25.7,38.2
2021-03-04 12:03:02,25.7,37.3
2021-03-04 12:04:02,25.6,37.8
2021-03-04 12:05:01,25.6,38.6
2021-03-04 12:06:01,25.6,39.0
2021-03-04 12:07:01,25.5,39.4
2021-03-04 12:08:01,25.5,39.5
2021-03-04 12:09:02,25.4,39.5
2021-03-04 12:10:02,25.3,39.6
2021-03-04 12:11:02,25.4,39.7
2021-03-04 12:12:01,25.3,39.8
2021-03-04 12:13:01,25.3,40.0
2021-03-04 12:14:01,25.3,40.8
2021-03-04 12:15:01,25.3,39.6
2021-03-04 12:16:01,25.4,39.6
2021-03-04 12:17:02,25.4,39.5
2021-03-04 12:18:02,25.4,39.8
2021-03-04 12:19:01,25.4,39.3
2021-03-04 12:20:01,25.4,41.5
2021-03-04 12:21:01,25.5,39.2
2021-03-04 12:22:01,25.5,39.4
2021-03-04 12:23:01,25.5,40.4
2021-03-04 12:24:02,25.5,39.1
2021-03-04 12:25:02,25.6,39.2
2021-03-04 12:26:01,25.6,39.7
2021-03-04 12:27:01,25.6,39.2
2021-03-04 12:28:01,25.6,39.2
2021-03-04 12:29:01,25.6,39.1
2021-03-04 12:30:02,25.5,39.1
2021-03-04 12:31:02,25.5,39.0
2021-03-04 12:32:01,25.5,39.0
2021-03-04 12:33:01,25.5,39.1
2021-03-04 12:34:01,25.6,39.0
2021-03-04 12:35:01,25.5,38.9
2021-03-04 12:36:01,25.5,42.0
2021-03-04 12:37:01,25.5,39.2
2021-03-04 12:38:02,25.5,39.1
2021-03-04 12:39:01,25.5,39.3
2021-03-04 12:40:01,25.6,39.4
2021-03-04 12:41:01,25.6,40.3
2021-03-04 12:42:01,25.6,38.9
2021-03-04 12:43:01,25.6,39.8
2021-03-04 12:44:02,25.7,39.3
2021-03-04 12:45:02,25.7,39.1
2021-03-04 12:46:01,25.7,39.0
2021-03-04 12:47:01,25.7,39.0
2021-03-04 12:48:01,25.6,39.1
2021-03-04 12:49:01,25.7,39.5
2021-03-04 12:50:01,25.7,39.9
2021-03-04 12:51:02,25.7,38.9
2021-03-04 12:52:02,25.8,38.8
2021-03-04 12:53:01,25.8,38.8
2021-03-04 12:54:01,25.7,38.7
2021-03-04 12:55:01,25.8,39.0
2021-03-04 12:56:01,25.8,38.5
2021-03-04 12:57:01,25.8,38.9
2021-03-04 12:58:02,25.8,39.1
2021-03-04 12:59:02,25.8,38.6
2021-03-04 13:00:01,25.8,40.3
2021-03-04 13:01:01,25.8,38.9
2021-03-04 13:02:01,25.8,38.6
2021-03-04 13:03:01,25.8,38.7
2021-03-04 13:04:01,25.8,38.8
2021-03-04 13:05:02,25.9,38.7
2021-03-04 13:06:02,25.9,39.1
2021-03-04 13:07:01,25.9,38.9
2021-03-04 13:08:01,25.9,38.7
2021-03-04 13:09:01,25.9,38.6
2021-03-04 13:10:01,25.9,38.7
2021-03-04 13:11:01,25.9,38.6
2021-03-04 13:12:02,25.9,39.0
2021-03-04 13:13:02,25.9,38.8
2021-03-04 13:14:01,25.9,40.2
2021-03-04 13:15:01,25.9,38.6
2021-03-04 13:16:01,25.9,40.4
2021-03-04 13:17:01,25.9,39.3
2021-03-04 13:18:01,25.9,38.6
2021-03-04 13:19:02,25.9,38.8
2021-03-04 13:20:02,25.9,38.7
2021-03-04 13:21:01,25.9,38.8
2021-03-04 13:22:01,26.0,38.8
2021-03-04 13:23:01,26.0,38.6
2021-03-04 13:24:01,26.0,38.7
2021-03-04 13:25:02,26.0,39.5
2021-03-04 13:26:02,26.0,38.6
2021-03-04 13:27:02,26.0,38.6
2021-03-04 13:28:01,26.0,38.6
2021-03-04 13:29:01,26.0,38.7
2021-03-04 13:30:01,26.0,38.6
2021-03-04 13:31:01,26.0,38.6
2021-03-04 13:32:01,26.0,38.6
2021-03-04 13:33:02,26.0,38.6
2021-03-04 13:34:02,26.1,38.8
2021-03-04 13:35:01,26.1,39.0
2021-03-04 13:36:01,26.1,40.9
2021-03-04 13:37:01,26.1,38.5
2021-03-04 13:38:01,26.1,38.5
2021-03-04 13:39:02,26.1,38.8
2021-03-04 13:40:02,26.1,38.6
2021-03-04 13:41:02,26.1,38.6
2021-03-04 13:42:01,26.1,39.6
2021-03-04 13:43:01,26.3,38.4
2021-03-04 13:44:01,26.4,41.1
2021-03-04 13:45:01,26.5,38.0
2021-03-04 13:46:01,26.6,38.0
2021-03-04 13:47:02,26.6,37.9
2021-03-04 13:48:02,26.7,37.8
2021-03-04 13:49:01,26.7,37.6
2021-03-04 13:50:01,26.7,37.7
2021-03-04 13:51:01,26.7,37.5
2021-03-04 13:52:01,26.6,39.9
2021-03-04 13:53:02,26.7,37.3
2021-03-04 13:54:02,26.7,38.0
2021-03-04 13:55:01,26.8,37.2
2021-03-04 13:56:01,26.9,37.7
2021-03-04 13:57:01,26.9,37.4
2021-03-04 13:58:01,26.9,37.2
2021-03-04 13:59:01,26.9,37.3
2021-03-04 14:00:01,26.9,37.1
2021-03-04 14:01:02,26.9,37.6
2021-03-04 14:02:02,26.9,37.1
2021-03-04 14:03:01,26.9,37.2
2021-03-04 14:04:01,26.9,37.2
2021-03-04 14:05:01,26.9,37.3
2021-03-04 14:06:01,26.9,37.3
2021-03-04 14:07:02,26.9,37.3
2021-03-04 14:08:02,26.9,37.5
2021-03-04 14:09:01,26.9,37.3
2021-03-04 14:10:01,26.9,37.2
2021-03-04 14:11:01,26.9,37.7
2021-03-04 14:12:01,26.9,37.2
2021-03-04 14:13:02,26.8,37.0
2021-03-04 14:14:02,26.8,37.3
2021-03-04 14:15:02,26.8,38.2
2021-03-04 14:16:01,26.9,37.2
2021-03-04 14:17:01,26.9,37.3
2021-03-04 14:18:01,26.9,37.3
2021-03-04 14:19:01,26.9,39.5
2021-03-04 14:20:01,26.9,37.5
2021-03-04 14:21:02,26.9,37.5
2021-03-04 14:22:02,26.9,37.3
2021-03-04 14:23:01,26.9,37.3
2021-03-04 14:24:01,26.9,37.4
2021-03-04 14:25:04,26.9,37.5
2021-03-04 14:26:02,26.9,37.5
2021-03-04 14:27:02,26.9,37.5
2021-03-04 14:28:02,26.9,37.4
2021-03-04 14:29:01,26.9,37.7
2021-03-04 14:30:01,26.9,37.6
2021-03-04 14:31:01,26.9,37.7
2021-03-04 14:32:01,26.9,37.5
2021-03-04 14:33:01,26.9,37.3
2021-03-04 14:34:02,26.9,37.4
2021-03-04 14:35:02,26.9,37.5
2021-03-04 14:36:02,26.9,37.4
2021-03-04 14:37:01,26.9,37.4
2021-03-04 14:38:01,27.0,38.4
2021-03-04 14:39:01,26.9,37.4
2021-03-04 14:40:01,27.0,37.4
2021-03-04 14:41:01,27.0,37.8
2021-03-04 14:42:01,27.0,37.3
2021-03-04 14:43:02,27.0,37.3
2021-03-04 14:44:02,27.0,37.3
2021-03-04 14:45:01,27.0,37.3
2021-03-04 14:46:01,27.0,37.2
2021-03-04 14:47:01,27.1,37.3
2021-03-04 14:48:01,27.0,37.2
2021-03-04 14:49:01,27.1,37.3
2021-03-04 14:50:01,27.0,37.2
2021-03-04 14:51:05,27.0,37.3
2021-03-04 14:52:01,27.0,37.3
2021-03-04 14:53:01,27.0,37.3
2021-03-04 14:54:01,27.0,37.3
2021-03-04 14:55:01,27.1,37.2
2021-03-04 14:56:02,27.1,37.3
2021-03-04 14:57:02,27.1,37.3
2021-03-04 14:58:05,27.1,37.2
2021-03-04 14:59:01,27.1,37.2
2021-03-04 15:00:01,27.1,37.1
2021-03-04 15:01:01,27.1,37.2
2021-03-04 15:02:02,27.1,37.1
2021-03-04 15:03:02,27.1,37.1
2021-03-04 15:04:01,27.1,37.2
2021-03-04 15:05:01,27.1,37.2
2021-03-04 15:06:01,27.1,37.2
2021-03-04 15:07:01,27.1,37.3
2021-03-04 15:08:01,27.1,37.2
2021-03-04 15:09:01,27.1,37.2
2021-03-04 15:10:02,27.1,37.2
2021-03-04 15:11:02,27.1,37.2
2021-03-04 15:12:01,27.1,37.3
2021-03-04 15:13:01,27.0,37.2
2021-03-04 15:14:01,27.1,37.6
2021-03-04 15:15:01,27.1,37.3
2021-03-04 15:16:01,27.1,37.3
2021-03-04 15:17:02,27.0,37.2
2021-03-04 15:18:02,27.1,37.3
2021-03-04 15:19:01,27.1,37.2
2021-03-04 15:20:01,27.1,37.2
2021-03-04 15:21:01,27.1,37.3
2021-03-04 15:22:01,27.1,37.3
2021-03-04 15:23:01,27.1,37.3
2021-03-04 15:24:02,27.1,37.3
2021-03-04 15:25:02,27.1,39.0
2021-03-04 15:26:01,27.1,37.3
2021-03-04 15:27:01,27.1,37.3
2021-03-04 15:28:01,27.0,40.2
2021-03-04 15:29:01,27.1,37.3
2021-03-04 15:30:01,27.1,37.7
2021-03-04 15:31:02,27.1,39.8
2021-03-04 15:32:02,27.1,37.4
2021-03-04 15:33:02,27.1,37.4
2021-03-04 15:34:01,27.1,37.4
2021-03-04 15:35:01,27.1,37.4
2021-03-04 15:36:01,27.1,37.5
2021-03-04 15:37:01,27.1,40.3
2021-03-04 15:38:02,27.1,37.5
2021-03-04 15:39:02,27.2,37.6
2021-03-04 15:40:02,27.1,38.3
2021-03-04 15:41:01,27.2,37.6
2021-03-04 15:42:01,27.1,37.5
2021-03-04 15:43:01,27.1,37.5
2021-03-04 15:44:01,27.1,37.5
2021-03-04 15:45:01,27.1,37.5
2021-03-04 15:46:02,27.2,37.5
2021-03-04 15:47:02,27.2,37.4
2021-03-04 15:48:01,27.2,37.3
2021-03-04 15:49:01,27.2,37.3
2021-03-04 15:50:01,27.2,37.3
2021-03-04 15:51:01,27.2,37.6
2021-03-04 15:52:01,27.2,37.2
2021-03-04 15:53:02,27.2,37.3
2021-03-04 15:54:02,27.2,37.2
2021-03-04 15:55:01,27.2,37.1
2021-03-04 15:56:01,27.3,37.2
2021-03-04 15:57:01,27.3,37.2
2021-03-04 15:58:01,27.3,37.1
2021-03-04 15:59:01,27.3,38.5
2021-03-04 16:00:02,27.3,37.1
2021-03-04 16:01:02,27.3,37.0
2021-03-04 16:02:02,27.3,37.0
2021-03-04 16:03:01,27.3,37.0
2021-03-04 16:04:01,27.3,37.0
2021-03-04 16:05:01,27.3,37.0
2021-03-04 16:06:01,27.4,37.1
2021-03-04 16:07:01,27.4,37.4
2021-03-04 16:08:02,27.4,37.1
2021-03-04 16:09:02,27.4,37.1
2021-03-04 16:10:02,27.4,37.0
2021-03-04 16:11:01,27.4,37.0
2021-03-04 16:12:01,27.4,37.0
2021-03-04 16:13:01,27.4,37.1
2021-03-04 16:14:01,27.4,37.1
2021-03-04 16:15:01,27.4,37.1
2021-03-04 16:16:02,27.4,37.0
2021-03-04 16:17:02,27.4,37.1
2021-03-04 16:18:02,27.4,37.1
2021-03-04 16:19:01,27.3,37.1
2021-03-04 16:20:01,27.4,37.1
2021-03-04 16:21:01,27.3,37.1
2021-03-04 16:22:01,27.4,37.1
2021-03-04 16:23:01,27.3,37.1
2021-03-04 16:24:02,27.3,37.1
2021-03-04 16:25:02,27.3,37.1
2021-03-04 16:26:01,27.3,37.2
2021-03-04 16:27:01,27.3,37.1
2021-03-04 16:28:01,27.3,37.2
2021-03-04 16:29:01,27.4,37.3
2021-03-04 16:30:02,27.3,37.3
2021-03-04 16:31:02,27.3,37.2
2021-03-04 16:32:02,27.3,37.2
2021-03-04 16:33:01,27.4,37.3
2021-03-04 16:34:01,27.3,37.3
2021-03-04 16:35:01,27.4,37.3
2021-03-04 16:36:01,27.4,37.3
2021-03-04 16:37:01,27.3,37.3
2021-03-04 16:38:02,27.3,37.2
2021-03-04 16:39:02,27.3,41.9
2021-03-04 16:40:02,27.3,38.4
2021-03-04 16:41:01,27.3,37.2
2021-03-04 16:42:01,27.3,37.3
2021-03-04 16:43:01,27.2,37.2
2021-03-04 16:44:01,27.2,37.2
2021-03-04 16:45:01,27.2,37.3
2021-03-04 16:46:02,27.1,37.2
2021-03-04 16:47:02,27.1,37.2
2021-03-04 16:48:02,27.1,37.2
2021-03-04 16:49:01,27.1,37.2
2021-03-04 16:50:01,27.0,37.1
2021-03-04 16:51:01,27.0,37.2
2021-03-04 16:52:01,27.0,37.2
2021-03-04 16:53:02,27.0,37.2
2021-03-04 16:54:02,27.0,37.2
2021-03-04 16:55:08,26.9,37.2
2021-03-04 16:56:01,26.9,37.2
2021-03-04 16:57:01,26.9,37.2
2021-03-04 16:58:02,26.9,37.2
2021-03-04 16:59:02,26.9,37.3
2021-03-04 17:00:01,26.8,37.2
2021-03-04 17:01:01,26.8,37.2
2021-03-04 17:02:01,26.9,37.3
2021-03-04 17:03:01,26.8,37.3
2021-03-04 17:04:01,26.7,37.2
2021-03-04 17:05:02,26.7,37.2
2021-03-04 17:06:02,26.7,37.2
2021-03-04 17:07:02,26.7,37.3
2021-03-04 17:08:01,26.7,37.3
2021-03-04 17:09:01,26.7,37.3
2021-03-04 17:10:01,26.6,37.3
2021-03-04 17:11:01,26.6,37.3
2021-03-04 17:12:01,26.6,37.3
2021-03-04 17:13:02,26.6,37.3
2021-03-04 17:14:02,26.6,37.4
2021-03-04 17:15:04,26.5,37.3
2021-03-04 17:16:01,26.5,37.4
2021-03-04 17:17:01,26.5,37.4
2021-03-04 17:18:01,26.5,37.4
2021-03-04 17:19:02,26.4,37.4
2021-03-04 17:20:02,26.4,37.4
2021-03-04 17:21:01,26.4,37.4
2021-03-04 17:22:01,26.4,37.4
2021-03-04 17:23:01,26.4,37.5
2021-03-04 17:24:01,26.3,37.5
2021-03-04 17:25:01,26.3,37.5
2021-03-04 17:26:02,26.3,37.5
2021-03-04 17:27:02,26.3,37.5
2021-03-04 17:28:02,26.3,37.5
2021-03-04 17:29:01,26.2,37.5
2021-03-04 17:30:01,26.3,37.5
2021-03-04 17:31:01,26.2,37.5
2021-03-04 17:32:01,26.2,37.5
2021-03-04 17:33:01,26.2,37.6
2021-03-04 17:34:02,26.2,37.6
2021-03-04 17:35:02,26.2,37.6
2021-03-04 17:36:02,26.2,37.6
2021-03-04 17:37:01,26.1,37.6
2021-03-04 17:38:01,26.1,37.6
2021-03-04 17:39:01,26.1,37.6
2021-03-04 17:40:01,26.1,37.6
2021-03-04 17:41:01,26.1,37.6
2021-03-04 17:42:02,26.1,37.6
2021-03-04 17:43:02,26.0,37.6
2021-03-04 17:44:04,26.0,37.6
2021-03-04 17:45:01,26.0,37.6
2021-03-04 17:46:01,26.0,37.6
2021-03-04 17:47:01,26.0,37.6
2021-03-04 17:48:02,26.0,37.6
2021-03-04 17:49:02,26.0,37.6
2021-03-04 17:50:01,26.0,37.6
2021-03-04 17:51:01,26.0,37.6
2021-03-04 17:52:01,26.0,37.7
2021-03-04 17:53:01,26.0,37.7
2021-03-04 17:54:01,26.0,37.7
2021-03-04 17:55:02,25.9,37.6
2021-03-04 17:56:02,25.9,37.6
2021-03-04 17:57:02,25.9,37.7
2021-03-04 17:58:01,25.9,37.6
2021-03-04 17:59:01,25.9,37.7
2021-03-04 18:00:01,25.8,37.6
2021-03-04 18:01:01,25.9,37.7
2021-03-04 18:02:01,25.9,37.7
2021-03-04 18:03:02,25.8,37.6
2021-03-04 18:04:02,25.8,37.6
2021-03-04 18:05:04,25.8,37.6
2021-03-04 18:06:01,25.8,37.6
2021-03-04 18:07:01,25.8,37.6
2021-03-04 18:08:01,25.8,37.6
2021-03-04 18:09:02,25.7,37.5
2021-03-04 18:10:02,25.8,37.6
2021-03-04 18:11:01,25.8,38.4
2021-03-04 18:12:01,25.9,41.2
2021-03-04 18:13:01,26.0,40.5
2021-03-04 18:14:01,25.8,39.9
2021-03-04 18:15:01,25.8,40.0
2021-03-04 18:16:02,25.8,40.7
2021-03-04 18:17:02,25.8,40.0
2021-03-04 18:18:02,25.9,39.9
2021-03-04 18:19:01,26.0,39.9
2021-03-04 18:20:01,26.1,40.7
2021-03-04 18:21:01,26.2,39.5
2021-03-04 18:22:01,26.2,39.4
2021-03-04 18:23:01,26.3,40.3
2021-03-04 18:24:02,26.3,39.2
2021-03-04 18:25:02,26.3,39.3
2021-03-04 18:26:01,26.2,38.9
2021-03-04 18:27:01,26.3,39.3
2021-03-04 18:28:01,26.4,39.7
2021-03-04 18:29:05,26.7,39.0
2021-03-04 18:30:02,26.6,38.7
2021-03-04 18:31:01,26.8,39.3
2021-03-04 18:32:01,26.9,39.1
2021-03-04 18:33:01,27.0,38.9
2021-03-04 18:34:01,27.1,38.2
2021-03-04 18:35:01,27.2,38.8
2021-03-04 18:36:02,27.2,37.9
2021-03-04 18:37:02,27.2,37.4
2021-03-04 18:38:02,27.2,37.5
2021-03-04 18:39:01,27.2,37.6
2021-03-04 18:40:01,27.1,37.6
2021-03-04 18:41:01,27.2,37.6
2021-03-04 18:42:01,27.1,37.4
2021-03-04 18:43:01,27.1,37.4
2021-03-04 18:44:02,27.1,37.5
2021-03-04 18:45:02,27.1,37.6
2021-03-04 18:46:01,27.1,37.4
2021-03-04 18:47:01,27.1,37.7
2021-03-04 18:48:01,27.2,37.7
2021-03-04 18:49:01,27.2,37.3
2021-03-04 18:50:01,27.2,37.5
2021-03-04 18:51:02,27.3,37.6
2021-03-04 18:52:02,27.2,37.0
2021-03-04 18:53:02,27.2,37.1
2021-03-04 18:54:01,27.2,37.3
2021-03-04 18:55:01,27.2,37.0
2021-03-04 18:56:01,27.2,37.1
2021-03-04 18:57:01,27.3,37.4
2021-03-04 18:58:01,27.3,37.2
2021-03-04 18:59:02,27.3,37.0
2021-03-04 19:00:02,27.3,36.9
2021-03-04 19:01:04,27.3,37.0
2021-03-04 19:02:01,27.2,37.0
2021-03-04 19:03:01,27.2,36.8
2021-03-04 19:04:01,27.2,36.8
2021-03-04 19:05:02,27.2,37.0
2021-03-04 19:06:02,27.2,36.9
2021-03-04 19:07:01,27.2,36.9
2021-03-04 19:08:01,27.2,36.9
2021-03-04 19:09:01,27.2,36.8
2021-03-04 19:10:01,27.2,36.9
2021-03-04 19:11:02,27.2,37.5
2021-03-04 19:12:02,27.2,37.1
2021-03-04 19:13:02,27.2,38.7
2021-03-04 19:14:01,27.2,37.1
2021-03-04 19:15:01,27.2,36.9
2021-03-04 19:16:01,27.2,37.1
2021-03-04 19:17:01,27.2,37.1
2021-03-04 19:18:02,27.2,37.0
2021-03-04 19:19:02,27.2,37.4
2021-03-04 19:20:01,27.2,37.1
2021-03-04 19:21:01,27.2,37.2
2021-03-04 19:22:01,27.2,36.9
2021-03-04 19:23:01,27.2,37.0
2021-03-04 19:24:01,27.2,37.2
2021-03-04 19:25:02,27.2,37.1
2021-03-04 19:26:02,27.2,37.2
2021-03-04 19:27:01,27.2,37.4
2021-03-04 19:28:01,27.2,37.1
2021-03-04 19:29:01,27.2,37.2
2021-03-04 19:30:01,27.3,37.3
2021-03-04 19:31:02,27.3,36.9
2021-03-04 19:32:02,27.3,36.8
2021-03-04 19:33:01,27.3,36.9
2021-03-04 19:34:01,27.3,36.9
2021-03-04 19:35:01,27.4,36.9
2021-03-04 19:36:01,27.4,36.6
2021-03-04 19:37:02,27.3,36.5
2021-03-04 19:38:02,27.4,36.4
2021-03-04 19:39:01,27.3,36.4
2021-03-04 19:40:01,27.3,36.4
2021-03-04 19:41:01,27.3,36.4
2021-03-04 19:42:01,27.3,36.4
2021-03-04 19:43:02,27.3,36.4
2021-03-04 19:44:02,27.3,36.4
2021-03-04 19:45:01,27.3,36.4
2021-03-04 19:46:01,27.3,36.4
2021-03-04 19:47:01,27.3,36.4
2021-03-04 19:48:01,27.3,36.4
2021-03-04 19:49:01,27.3,36.4
2021-03-04 19:50:02,27.3,36.4
2021-03-04 19:51:02,27.3,36.3
2021-03-04 19:52:01,27.3,36.4
2021-03-04 19:53:04,27.2,36.3
2021-03-04 19:54:02,27.2,36.3
2021-03-04 19:55:02,27.2,36.3
2021-03-04 19:56:01,27.2,36.3
2021-03-04 19:57:01,27.2,36.3
2021-03-04 19:58:01,27.2,36.3
2021-03-04 19:59:01,27.2,36.3
2021-03-04 20:00:01,27.2,36.3
2021-03-04 20:01:02,27.1,36.3
2021-03-04 20:02:02,27.1,36.5
2021-03-04 20:03:01,27.0,36.4
2021-03-04 20:04:01,27.0,36.3
2021-03-04 20:05:01,27.0,36.4
2021-03-04 20:06:01,27.0,36.4
2021-03-04 20:07:02,27.0,36.4
2021-03-04 20:08:02,27.0,36.4
2021-03-04 20:09:01,27.1,37.1
2021-03-04 20:10:01,27.0,36.8
2021-03-04 20:11:04,27.0,36.9
2021-03-04 20:12:02,27.0,37.1
2021-03-04 20:13:02,27.0,36.8
2021-03-04 20:14:01,27.0,36.8
2021-03-04 20:15:01,26.9,37.1
2021-03-04 20:16:01,26.9,37.7
2021-03-04 20:17:01,26.7,37.4
2021-03-04 20:18:01,26.7,37.5
2021-03-04 20:19:01,26.7,37.6
2021-03-04 20:20:02,26.7,37.7
2021-03-04 20:21:02,26.7,37.7
2021-03-04 20:22:01,26.7,37.8
2021-03-04 20:23:01,26.7,37.7
2021-03-04 20:24:01,26.7,37.7
2021-03-04 20:25:01,26.7,37.6
2021-03-04 20:26:01,26.8,38.0
2021-03-04 20:27:02,26.8,37.7
2021-03-04 20:28:02,26.8,36.6
2021-03-04 20:29:02,26.9,37.8
2021-03-04 20:30:01,26.9,37.7
2021-03-04 20:31:01,26.9,37.8
2021-03-04 20:32:01,26.9,37.6
2021-03-04 20:33:01,26.9,37.6
2021-03-04 20:34:02,26.9,37.6
2021-03-04 20:35:02,27.0,37.7
2021-03-04 20:36:01,27.0,37.5
2021-03-04 20:37:01,27.0,37.5
2021-03-04 20:38:01,27.1,37.5
2021-03-04 20:39:01,27.1,37.5
2021-03-04 20:40:02,27.1,37.5
2021-03-04 20:41:02,27.2,37.5
2021-03-04 20:42:02,27.2,37.4
2021-03-04 20:43:01,27.2,37.4
2021-03-04 20:44:01,27.2,37.4
2021-03-04 20:45:01,27.2,37.4
2021-03-04 20:46:01,27.3,37.4
2021-03-04 20:47:02,27.3,37.4
2021-03-04 20:48:02,27.3,37.4
2021-03-04 20:49:01,27.3,37.4
2021-03-04 20:50:01,27.4,37.4
2021-03-04 20:51:01,27.4,37.4
2021-03-04 20:52:01,27.4,37.7
2021-03-04 20:53:02,27.4,37.5
2021-03-04 20:54:02,27.5,37.4
2021-03-04 20:55:01,27.5,37.3
2021-03-04 20:56:01,27.5,37.3
2021-03-04 20:57:01,27.5,37.3
2021-03-04 20:58:01,27.5,37.3
2021-03-04 20:59:01,27.5,37.3
2021-03-04 21:00:02,27.5,37.5
2021-03-04 21:01:02,27.5,37.3
2021-03-04 21:02:01,27.5,37.3
2021-03-04 21:03:01,27.6,37.3
2021-03-04 21:04:01,27.6,37.4
2021-03-04 21:05:01,27.6,37.4
2021-03-04 21:06:01,27.6,37.3
2021-03-04 21:07:02,27.6,37.4
2021-03-04 21:08:02,27.7,37.2
2021-03-04 21:09:04,27.7,37.2
2021-03-04 21:10:01,27.7,37.2
2021-03-04 21:11:01,27.8,37.1
2021-03-04 21:12:02,27.8,37.1
2021-03-04 21:13:02,27.8,37.1
2021-03-04 21:14:02,27.8,37.0
2021-03-04 21:15:01,27.9,37.0
2021-03-04 21:16:01,27.9,37.0
2021-03-04 21:17:01,27.9,37.0
2021-03-04 21:18:01,27.9,37.0
2021-03-04 21:19:02,27.9,36.9
2021-03-04 21:20:02,28.0,37.0
2021-03-04 21:21:02,28.0,37.0
2021-03-04 21:22:01,28.0,36.9
2021-03-04 21:23:01,28.0,37.0
2021-03-04 21:24:01,28.0,37.0
2021-03-04 21:25:01,28.0,37.1
2021-03-04 21:26:02,28.0,37.1
2021-03-04 21:27:02,28.0,37.0
2021-03-04 21:28:02,28.0,37.1
2021-03-04 21:29:01,28.0,37.0
2021-03-04 21:30:01,28.0,37.0
2021-03-04 21:31:01,28.0,37.0
2021-03-04 21:32:01,28.1,37.1
2021-03-04 21:33:02,28.0,36.9
2021-03-04 21:34:02,28.1,37.0
2021-03-04 21:35:01,28.0,36.9
2021-03-04 21:36:01,28.1,37.1
2021-03-04 21:37:01,28.1,36.9
2021-03-04 21:38:01,28.2,36.9
2021-03-04 21:39:02,28.2,36.9
2021-03-04 21:40:02,28.2,36.8
2021-03-04 21:41:01,28.2,36.8
2021-03-04 21:42:01,28.2,36.8
2021-03-04 21:43:01,28.2,36.8
2021-03-04 21:44:01,28.3,36.9
2021-03-04 21:45:01,28.2,36.8
2021-03-04 21:46:05,28.3,36.9
2021-03-04 21:47:01,28.3,36.9
2021-03-04 21:48:01,28.3,36.8
2021-03-04 21:49:01,28.3,36.8
2021-03-04 21:50:02,28.3,36.7
2021-03-04 21:51:02,28.3,36.8
2021-03-04 21:52:01,28.3,36.9
2021-03-04 21:53:01,28.4,36.8
2021-03-04 21:54:01,28.4,36.8
2021-03-04 21:55:01,28.4,36.8
2021-03-04 21:56:01,28.4,36.8
2021-03-04 21:57:02,28.4,36.8
2021-03-04 21:58:01,28.4,36.8
2021-03-04 21:59:01,28.4,36.8
2021-03-04 22:00:01,28.5,36.8
2021-03-04 22:01:01,28.5,36.7
2021-03-04 22:02:01,28.4,36.8
2021-03-04 22:03:02,28.4,36.8
2021-03-04 22:04:02,28.3,36.9
2021-03-04 22:05:01,28.3,36.9
2021-03-04 22:06:01,28.2,36.6
2021-03-04 22:07:01,28.1,36.7
2021-03-04 22:08:01,28.0,36.8
2021-03-04 22:09:02,28.0,36.9
2021-03-04 22:10:02,27.9,37.0
2021-03-04 22:11:04,27.8,37.1
2021-03-04 22:12:01,27.8,37.1
2021-03-04 22:13:01,27.7,37.1
2021-03-04 22:14:02,27.7,37.2
2021-03-04 22:15:05,27.7,37.3
2021-03-04 22:16:01,27.7,37.3
2021-03-04 22:17:05,27.6,37.4
2021-03-04 22:18:02,27.5,37.3
2021-03-04 22:19:01,27.5,37.4
2021-03-04 22:20:01,27.5,37.4
2021-03-04 22:21:01,27.5,37.5
2021-03-04 22:22:01,27.5,37.6
2021-03-04 22:23:01,27.4,37.6
2021-03-04 22:24:02,27.3,37.5
2021-03-04 22:25:02,27.3,37.6
2021-03-04 22:26:02,27.3,37.7
2021-03-04 22:27:01,27.3,37.7
2021-03-04 22:28:01,27.2,37.7
2021-03-04 22:29:01,27.2,37.7
2021-03-04 22:30:01,27.2,37.8
2021-03-04 22:31:01,27.1,37.8
2021-03-04 22:32:02,27.1,37.8
2021-03-04 22:33:02,27.1,37.9
2021-03-04 22:34:01,27.0,37.9
2021-03-04 22:35:01,27.0,37.9
2021-03-04 22:36:01,27.0,37.9
2021-03-04 22:37:01,26.9,37.9
2021-03-04 22:38:01,26.9,38.0
2021-03-04 22:39:01,26.9,38.0
2021-03-04 22:40:02,26.8,38.0
2021-03-04 22:41:02,26.8,38.1
2021-03-04 22:42:01,26.8,38.1
2021-03-04 22:43:01,26.8,38.1
2021-03-04 22:44:01,26.7,38.1
2021-03-04 22:45:01,26.7,38.2
2021-03-04 22:46:01,26.7,38.2
2021-03-04 22:47:01,26.7,38.2
2021-03-04 22:48:02,26.6,38.2
2021-03-04 22:49:02,26.6,38.2
2021-03-04 22:50:01,26.6,38.3
2021-03-04 22:51:01,26.6,38.3
2021-03-04 22:52:01,26.6,38.3
2021-03-04 22:53:01,26.5,38.3
2021-03-04 22:54:01,26.5,38.3
2021-03-04 22:55:02,26.5,38.4
2021-03-04 22:56:02,26.4,38.3
2021-03-04 22:57:01,26.4,38.4
2021-03-04 22:58:01,26.4,38.4
2021-03-04 22:59:01,26.4,38.4
2021-03-04 23:00:01,26.4,38.5
2021-03-04 23:01:01,26.4,38.5
2021-03-04 23:02:01,26.3,38.5
2021-03-04 23:03:02,26.3,38.5
2021-03-04 23:04:02,26.3,38.5
2021-03-04 23:05:01,26.2,38.5
2021-03-04 23:06:01,26.2,38.5
2021-03-04 23:07:01,26.2,38.6
2021-03-04 23:08:01,26.2,38.6
2021-03-04 23:09:01,26.2,38.6
2021-03-04 23:10:01,26.2,38.6
2021-03-04 23:11:02,26.1,38.6
2021-03-04 23:12:02,26.1,38.6
2021-03-04 23:13:01,26.1,38.6
2021-03-04 23:14:01,26.0,38.6
2021-03-04 23:15:01,26.1,38.7
2021-03-04 23:16:01,26.1,38.7
2021-03-04 23:17:02,26.0,38.7
2021-03-04 23:18:02,26.0,38.8
2021-03-04 23:19:02,26.0,38.7
2021-03-04 23:20:01,26.0,38.7
2021-03-04 23:21:01,25.9,38.7
2021-03-04 23:22:01,25.9,38.8
2021-03-04 23:23:01,25.9,38.8
2021-03-04 23:24:01,25.9,38.8
2021-03-04 23:25:02,25.8,38.8
2021-03-04 23:26:02,25.9,38.8
2021-03-04 23:27:01,25.8,38.8
2021-03-04 23:28:01,25.8,38.9
2021-03-04 23:29:01,25.8,38.9
2021-03-04 23:30:04,25.8,38.9
2021-03-04 23:31:02,25.7,38.8
2021-03-04 23:32:02,25.7,38.9
2021-03-04 23:33:01,25.7,38.9
2021-03-04 23:34:01,25.7,38.9
2021-03-04 23:35:01,25.7,38.9
2021-03-04 23:36:01,25.6,38.9
2021-03-04 23:37:01,25.6,38.9
2021-03-04 23:38:02,25.6,39.0
2021-03-04 23:39:05,25.6,39.0
2021-03-04 23:40:01,25.6,39.0
2021-03-04 23:41:01,25.6,39.0
2021-03-04 23:42:01,25.5,39.0
2021-03-04 23:43:02,25.6,39.0
2021-03-04 23:44:02,25.5,39.0
2021-03-04 23:45:01,25.5,39.0
2021-03-04 23:46:01,25.5,39.1
2021-03-04 23:47:01,25.5,39.1
2021-03-04 23:48:01,25.5,39.1
2021-03-04 23:49:01,25.5,39.1
2021-03-04 23:50:02,25.4,39.0
2021-03-04 23:51:02,25.4,39.1
2021-03-04 23:52:01,25.4,39.1
2021-03-04 23:53:01,25.4,39.1
2021-03-04 23:54:01,25.4,39.1
2021-03-04 23:55:01,25.4,39.2
2021-03-04 23:56:01,25.3,39.1
2021-03-04 23:57:01,25.4,39.2
2021-03-04 23:58:02,25.3,39.1
2021-03-04 23:59:02,25.3,39.1
